Date,Open,High,Low,Close,Adj Close,Volume,Code
2019-06-24,390.0,390.0,384.0,386.0,386.0,8362200,CLEO
2019-06-25,386.0,388.0,382.0,388.0,388.0,8276600,CLEO
2019-06-26,388.0,388.0,384.0,388.0,388.0,7526800,CLEO
2019-06-27,388.0,388.0,384.0,388.0,388.0,6909100,CLEO
2019-06-28,388.0,388.0,384.0,388.0,388.0,4518100,CLEO
2019-07-01,388.0,394.0,386.0,392.0,392.0,9862900,CLEO
2019-07-02,392.0,412.0,390.0,412.0,412.0,21059600,CLEO
2019-07-03,414.0,428.0,412.0,420.0,420.0,24138000,CLEO
2019-07-04,420.0,424.0,412.0,418.0,418.0,11419000,CLEO
2019-07-05,418.0,424.0,418.0,424.0,424.0,9284000,CLEO
2019-07-08,424.0,424.0,416.0,420.0,420.0,11699000,CLEO
2019-07-09,420.0,424.0,418.0,418.0,418.0,9828300,CLEO
2019-07-10,418.0,418.0,414.0,418.0,418.0,8786800,CLEO
2019-07-11,418.0,418.0,414.0,418.0,418.0,9824400,CLEO
2019-07-12,418.0,418.0,414.0,414.0,414.0,7511100,CLEO
2019-07-15,414.0,442.0,414.0,442.0,442.0,29176300,CLEO
2019-07-16,444.0,446.0,434.0,438.0,438.0,15953200,CLEO
2019-07-17,438.0,440.0,434.0,436.0,436.0,10527400,CLEO
2019-07-18,436.0,438.0,434.0,436.0,436.0,8528400,CLEO
2019-07-19,438.0,442.0,434.0,440.0,440.0,14679200,CLEO
2019-07-22,440.0,454.0,438.0,448.0,448.0,21037900,CLEO
2019-07-23,448.0,450.0,444.0,448.0,448.0,11142200,CLEO
2019-07-24,448.0,482.0,446.0,482.0,482.0,39825400,CLEO
2019-07-25,484.0,486.0,472.0,478.0,478.0,20809200,CLEO
2019-07-26,478.0,478.0,470.0,476.0,476.0,11374900,CLEO
2019-07-29,476.0,510.0,474.0,500.0,500.0,33959600,CLEO
2019-07-30,505.0,525.0,500.0,515.0,515.0,18371900,CLEO
2019-07-31,515.0,540.0,515.0,525.0,525.0,22603200,CLEO
2019-08-01,525.0,530.0,510.0,510.0,510.0,17067100,CLEO
2019-08-02,510.0,525.0,500.0,515.0,515.0,20070200,CLEO
2019-08-05,520.0,520.0,510.0,510.0,510.0,14393600,CLEO
2019-08-06,510.0,510.0,480.0,505.0,505.0,28430100,CLEO
2019-08-07,505.0,540.0,500.0,525.0,525.0,25556300,CLEO
2019-08-08,530.0,555.0,530.0,545.0,545.0,28769400,CLEO
2019-08-09,550.0,565.0,545.0,545.0,545.0,20186500,CLEO
2019-08-12,545.0,550.0,530.0,535.0,535.0,13718300,CLEO
2019-08-13,535.0,540.0,520.0,535.0,535.0,14008100,CLEO
2019-08-14,540.0,565.0,535.0,565.0,565.0,28287000,CLEO
2019-08-15,570.0,595.0,540.0,590.0,590.0,40444000,CLEO
2019-08-16,590.0,610.0,580.0,595.0,595.0,35720700,CLEO
2019-08-19,600.0,615.0,595.0,610.0,610.0,18912000,CLEO
2019-08-20,615.0,665.0,610.0,635.0,635.0,63095200,CLEO
2019-08-21,640.0,650.0,615.0,635.0,635.0,36536100,CLEO
2019-08-22,635.0,640.0,620.0,630.0,630.0,22545300,CLEO
2019-08-23,630.0,665.0,625.0,660.0,660.0,47124100,CLEO
2019-08-26,660.0,670.0,635.0,660.0,660.0,32616000,CLEO
2019-08-27,660.0,670.0,640.0,645.0,645.0,22158500,CLEO
2019-08-28,645.0,650.0,585.0,605.0,605.0,52228100,CLEO
2019-08-29,605.0,615.0,560.0,570.0,570.0,58094500,CLEO
2019-08-30,570.0,595.0,530.0,590.0,590.0,66849300,CLEO
2019-09-02,590.0,625.0,590.0,590.0,590.0,53468700,CLEO
2019-09-03,595.0,605.0,585.0,585.0,585.0,21948700,CLEO
2019-09-04,585.0,590.0,565.0,575.0,575.0,18395000,CLEO
2019-09-05,580.0,590.0,555.0,575.0,575.0,23757400,CLEO
2019-09-06,575.0,585.0,560.0,570.0,570.0,17875400,CLEO
2019-09-09,570.0,575.0,560.0,570.0,570.0,14816500,CLEO
2019-09-10,570.0,575.0,555.0,560.0,560.0,12860800,CLEO
2019-09-11,560.0,600.0,560.0,595.0,595.0,44005200,CLEO
2019-09-12,600.0,610.0,575.0,580.0,580.0,25304300,CLEO
2019-09-13,580.0,585.0,565.0,575.0,575.0,14179300,CLEO
2019-09-16,575.0,575.0,560.0,565.0,565.0,12323600,CLEO
2019-09-17,565.0,575.0,560.0,565.0,565.0,11950100,CLEO
2019-09-18,570.0,570.0,560.0,565.0,565.0,11937400,CLEO
2019-09-19,565.0,580.0,560.0,575.0,575.0,13698800,CLEO
2019-09-20,575.0,580.0,565.0,570.0,570.0,9179300,CLEO
2019-09-23,570.0,575.0,560.0,570.0,570.0,7270700,CLEO
2019-09-24,570.0,570.0,535.0,545.0,545.0,21873300,CLEO
2019-09-25,545.0,555.0,540.0,550.0,550.0,11366600,CLEO
2019-09-26,555.0,555.0,545.0,550.0,550.0,8186300,CLEO
2019-09-27,550.0,555.0,540.0,545.0,545.0,8531600,CLEO
2019-09-30,545.0,545.0,530.0,540.0,540.0,10839800,CLEO
2019-10-01,540.0,540.0,535.0,535.0,535.0,7413100,CLEO
2019-10-02,535.0,545.0,530.0,530.0,530.0,9191300,CLEO
2019-10-03,530.0,530.0,500.0,520.0,520.0,21754300,CLEO
2019-10-04,520.0,530.0,510.0,510.0,510.0,10708500,CLEO
2019-10-07,510.0,545.0,510.0,535.0,535.0,18451800,CLEO
2019-10-08,540.0,580.0,535.0,575.0,575.0,37436200,CLEO
2019-10-09,575.0,590.0,560.0,560.0,560.0,27749800,CLEO
2019-10-10,560.0,570.0,550.0,550.0,550.0,14455400,CLEO
2019-10-11,550.0,565.0,540.0,565.0,565.0,17634200,CLEO
2019-10-14,605.0,605.0,555.0,555.0,555.0,12852100,CLEO
2019-10-15,560.0,560.0,550.0,550.0,550.0,9452200,CLEO
2019-10-16,555.0,565.0,550.0,555.0,555.0,10779700,CLEO
2019-10-17,555.0,560.0,540.0,540.0,540.0,13511800,CLEO
2019-10-18,540.0,550.0,540.0,545.0,545.0,8778500,CLEO
2019-10-21,545.0,550.0,535.0,540.0,540.0,11907000,CLEO
2019-10-22,540.0,550.0,535.0,540.0,540.0,10763700,CLEO
2019-10-23,540.0,545.0,535.0,540.0,540.0,9779700,CLEO
2019-10-24,540.0,545.0,535.0,545.0,545.0,11046800,CLEO
2019-10-25,545.0,550.0,535.0,545.0,545.0,8759400,CLEO
2019-10-28,545.0,575.0,540.0,575.0,575.0,27128600,CLEO
2019-10-29,575.0,590.0,565.0,570.0,570.0,24158000,CLEO
2019-10-30,570.0,570.0,550.0,560.0,560.0,14199600,CLEO
2019-10-31,560.0,560.0,545.0,545.0,545.0,11893100,CLEO
2019-11-01,545.0,550.0,535.0,540.0,540.0,12856700,CLEO
2019-11-04,545.0,555.0,540.0,545.0,545.0,13061400,CLEO
2019-11-05,545.0,550.0,535.0,545.0,545.0,8833200,CLEO
2019-11-06,545.0,550.0,535.0,545.0,545.0,11008500,CLEO
2019-11-07,545.0,545.0,520.0,535.0,535.0,13341600,CLEO
2019-11-08,535.0,535.0,520.0,530.0,530.0,10752400,CLEO
2019-11-11,530.0,530.0,515.0,525.0,525.0,10278100,CLEO
2019-11-12,525.0,535.0,515.0,535.0,535.0,10714700,CLEO
2019-11-13,535.0,540.0,525.0,530.0,530.0,8482700,CLEO
2019-11-14,530.0,535.0,525.0,525.0,525.0,8188700,CLEO
2019-11-15,525.0,535.0,520.0,530.0,530.0,6512200,CLEO
2019-11-18,535.0,535.0,525.0,530.0,530.0,7944400,CLEO
2019-11-19,525.0,530.0,520.0,525.0,525.0,8358500,CLEO
2019-11-20,520.0,530.0,515.0,530.0,530.0,8686900,CLEO
2019-11-21,530.0,530.0,525.0,530.0,530.0,7927600,CLEO
2019-11-22,530.0,530.0,520.0,525.0,525.0,7058200,CLEO
2019-11-25,525.0,525.0,515.0,525.0,525.0,8169400,CLEO
2019-11-26,525.0,530.0,520.0,525.0,525.0,6262100,CLEO
2019-11-27,525.0,525.0,515.0,520.0,520.0,7498300,CLEO
2019-11-28,520.0,520.0,505.0,510.0,510.0,10126600,CLEO
2019-11-29,510.0,515.0,500.0,510.0,510.0,7746300,CLEO
2019-12-02,510.0,510.0,500.0,505.0,505.0,6572800,CLEO
2019-12-03,505.0,505.0,498.0,500.0,500.0,7940200,CLEO
2019-12-04,500.0,505.0,498.0,498.0,498.0,7633400,CLEO
2019-12-05,498.0,505.0,498.0,505.0,505.0,8063200,CLEO
2019-12-06,505.0,505.0,492.0,498.0,498.0,8046600,CLEO
2019-12-09,498.0,500.0,496.0,500.0,500.0,7102700,CLEO
2019-12-10,500.0,505.0,496.0,496.0,496.0,6374300,CLEO
2019-12-11,500.0,540.0,496.0,540.0,540.0,18468900,CLEO
2019-12-12,540.0,545.0,520.0,525.0,525.0,17935300,CLEO
2019-12-13,525.0,530.0,505.0,520.0,520.0,9774800,CLEO
2019-12-16,520.0,525.0,510.0,510.0,510.0,7049200,CLEO
2019-12-17,510.0,520.0,510.0,515.0,515.0,4591800,CLEO
2019-12-18,515.0,515.0,505.0,505.0,505.0,5432900,CLEO
2019-12-19,510.0,515.0,505.0,505.0,505.0,3397100,CLEO
2019-12-20,505.0,510.0,505.0,510.0,510.0,3082300,CLEO
2019-12-23,510.0,515.0,505.0,510.0,510.0,5073300,CLEO
2019-12-26,510.0,520.0,505.0,505.0,505.0,8075600,CLEO
2019-12-27,505.0,515.0,505.0,510.0,510.0,4593800,CLEO
2019-12-30,510.0,510.0,505.0,505.0,505.0,2153600,CLEO
2020-01-02,505.0,505.0,498.0,505.0,505.0,5880000,CLEO
2020-01-03,505.0,510.0,500.0,510.0,510.0,5325400,CLEO
2020-01-06,505.0,510.0,500.0,505.0,505.0,4843100,CLEO
2020-01-07,505.0,510.0,500.0,505.0,505.0,5520100,CLEO
2020-01-08,505.0,510.0,500.0,500.0,500.0,3471400,CLEO
2020-01-09,500.0,505.0,498.0,505.0,505.0,6526300,CLEO
2020-01-10,505.0,505.0,500.0,505.0,505.0,3973600,CLEO
2020-01-13,500.0,505.0,500.0,500.0,500.0,4473000,CLEO
2020-01-14,500.0,505.0,498.0,500.0,500.0,5551400,CLEO
2020-01-15,500.0,505.0,498.0,498.0,498.0,5705300,CLEO
2020-01-16,498.0,500.0,498.0,498.0,498.0,3351000,CLEO
2020-01-17,498.0,500.0,496.0,498.0,498.0,7659400,CLEO
2020-01-20,498.0,498.0,494.0,498.0,498.0,4693000,CLEO
2020-01-21,498.0,498.0,494.0,496.0,496.0,5083600,CLEO
2020-01-22,496.0,496.0,488.0,490.0,490.0,7470300,CLEO
2020-01-23,490.0,505.0,490.0,500.0,500.0,12178300,CLEO
2020-01-24,500.0,500.0,492.0,494.0,494.0,5670200,CLEO
2020-01-27,494.0,496.0,484.0,484.0,484.0,8109200,CLEO
2020-01-28,484.0,490.0,470.0,490.0,490.0,12234700,CLEO
2020-01-29,490.0,505.0,484.0,505.0,505.0,12954100,CLEO
2020-01-30,505.0,510.0,496.0,505.0,505.0,10073500,CLEO
2020-01-31,505.0,505.0,488.0,490.0,490.0,6331000,CLEO
2020-02-03,490.0,490.0,480.0,480.0,480.0,4892500,CLEO
2020-02-04,480.0,488.0,478.0,484.0,484.0,7973900,CLEO
2020-02-05,484.0,490.0,480.0,488.0,488.0,5835400,CLEO
2020-02-06,488.0,490.0,484.0,488.0,488.0,5325900,CLEO
2020-02-07,488.0,490.0,482.0,482.0,482.0,4135200,CLEO
2020-02-10,482.0,488.0,478.0,478.0,478.0,5470200,CLEO
2020-02-11,478.0,480.0,476.0,476.0,476.0,5690900,CLEO
2020-02-12,478.0,480.0,476.0,478.0,478.0,4447000,CLEO
2020-02-13,476.0,482.0,474.0,480.0,480.0,5276500,CLEO
2020-02-14,480.0,482.0,476.0,480.0,480.0,4210900,CLEO
2020-02-17,480.0,482.0,472.0,476.0,476.0,6699000,CLEO
2020-02-18,476.0,494.0,476.0,486.0,486.0,9083800,CLEO
2020-02-19,486.0,488.0,480.0,480.0,480.0,3720200,CLEO
2020-02-20,482.0,484.0,478.0,480.0,480.0,4443900,CLEO
2020-02-21,480.0,482.0,472.0,476.0,476.0,3304000,CLEO
2020-02-24,476.0,476.0,462.0,464.0,464.0,4849300,CLEO
2020-02-25,462.0,462.0,452.0,456.0,456.0,5954000,CLEO
2020-02-26,456.0,458.0,444.0,444.0,444.0,6519600,CLEO
2020-02-27,444.0,450.0,426.0,434.0,434.0,7811400,CLEO
2020-02-28,430.0,432.0,396.0,430.0,430.0,8347500,CLEO
2020-03-02,430.0,432.0,410.0,414.0,414.0,4955400,CLEO
2020-03-03,414.0,440.0,410.0,438.0,438.0,11682800,CLEO
2020-03-04,438.0,450.0,430.0,450.0,450.0,5767200,CLEO
2020-03-05,450.0,450.0,440.0,440.0,440.0,4210200,CLEO
2020-03-06,440.0,444.0,432.0,444.0,444.0,5515100,CLEO
2020-03-09,442.0,444.0,424.0,426.0,426.0,5402400,CLEO
2020-03-10,426.0,428.0,420.0,428.0,428.0,5893100,CLEO
2020-03-11,426.0,428.0,416.0,418.0,418.0,4446100,CLEO
2020-03-12,418.0,418.0,392.0,392.0,392.0,3799500,CLEO
2020-03-13,390.0,392.0,366.0,384.0,384.0,6576800,CLEO
2020-03-16,384.0,384.0,358.0,358.0,358.0,2962500,CLEO
2020-03-17,354.0,356.0,334.0,334.0,334.0,1662000,CLEO
2020-03-18,328.0,328.0,312.0,312.0,312.0,2738900,CLEO
2020-03-19,312.0,312.0,292.0,292.0,292.0,1325100,CLEO
2020-03-20,288.0,356.0,272.0,342.0,342.0,8814200,CLEO
2020-03-23,342.0,344.0,320.0,322.0,322.0,6217000,CLEO
2020-03-24,324.0,360.0,318.0,324.0,324.0,7504900,CLEO
2020-03-26,334.0,364.0,334.0,356.0,356.0,9282500,CLEO
2020-03-27,360.0,386.0,360.0,366.0,366.0,12247100,CLEO
2020-03-30,360.0,362.0,342.0,356.0,356.0,5932300,CLEO
2020-03-31,356.0,380.0,356.0,372.0,372.0,7121200,CLEO
2020-04-01,372.0,386.0,368.0,374.0,374.0,8515000,CLEO
2020-04-02,372.0,402.0,362.0,388.0,388.0,8361600,CLEO
2020-04-03,392.0,422.0,388.0,416.0,416.0,11266200,CLEO
2020-04-06,416.0,436.0,416.0,422.0,422.0,8707500,CLEO
2020-04-07,426.0,434.0,412.0,422.0,422.0,7467500,CLEO
2020-04-08,422.0,426.0,402.0,404.0,404.0,6061500,CLEO
2020-04-09,406.0,416.0,398.0,410.0,410.0,6426800,CLEO
2020-04-13,410.0,420.0,408.0,412.0,412.0,5209300,CLEO
2020-04-14,412.0,422.0,412.0,422.0,422.0,6556400,CLEO
2020-04-15,422.0,436.0,416.0,418.0,418.0,8368200,CLEO
2020-04-16,418.0,420.0,396.0,402.0,402.0,6401200,CLEO
2020-04-17,404.0,416.0,404.0,414.0,414.0,5555800,CLEO
2020-04-20,418.0,422.0,410.0,422.0,422.0,4447100,CLEO
2020-04-21,420.0,420.0,404.0,408.0,408.0,4663500,CLEO
2020-04-22,408.0,420.0,398.0,418.0,418.0,6673900,CLEO
2020-04-23,418.0,426.0,418.0,422.0,422.0,5754000,CLEO
2020-04-24,422.0,470.0,420.0,450.0,450.0,16654200,CLEO
2020-04-27,452.0,474.0,448.0,452.0,452.0,19913900,CLEO
2020-04-28,452.0,456.0,432.0,444.0,444.0,10520600,CLEO
2020-04-29,450.0,450.0,436.0,438.0,438.0,5600600,CLEO
2020-04-30,440.0,448.0,438.0,442.0,442.0,6449700,CLEO
2020-05-04,442.0,460.0,432.0,458.0,458.0,8432000,CLEO
2020-05-05,458.0,488.0,458.0,484.0,484.0,25342500,CLEO
2020-05-06,486.0,492.0,466.0,470.0,470.0,13180300,CLEO
2020-05-08,470.0,478.0,470.0,472.0,472.0,6908500,CLEO
2020-05-11,474.0,486.0,472.0,478.0,478.0,8995900,CLEO
2020-05-12,480.0,482.0,458.0,460.0,460.0,11959000,CLEO
2020-05-13,460.0,460.0,438.0,452.0,452.0,7652100,CLEO
2020-05-14,448.0,472.0,446.0,470.0,470.0,10144300,CLEO
2020-05-15,474.0,478.0,466.0,468.0,468.0,9607700,CLEO
2020-05-18,472.0,476.0,464.0,466.0,466.0,7501200,CLEO
2020-05-19,466.0,472.0,462.0,464.0,464.0,6818700,CLEO
2020-05-20,464.0,464.0,456.0,458.0,458.0,6095300,CLEO
2020-05-26,462.0,476.0,458.0,466.0,466.0,7883000,CLEO
2020-05-27,468.0,472.0,464.0,468.0,468.0,5229900,CLEO
2020-05-28,468.0,470.0,464.0,464.0,464.0,5552800,CLEO
2020-05-29,464.0,468.0,462.0,466.0,466.0,5702600,CLEO
2020-06-02,466.0,470.0,462.0,462.0,462.0,6552600,CLEO
2020-06-03,462.0,480.0,460.0,480.0,480.0,12567300,CLEO
2020-06-04,484.0,488.0,466.0,468.0,468.0,11363200,CLEO
2020-06-05,468.0,476.0,464.0,472.0,472.0,6868600,CLEO
2020-06-08,474.0,480.0,472.0,480.0,480.0,9344900,CLEO
2020-06-09,484.0,488.0,470.0,470.0,470.0,10773900,CLEO
2020-06-10,470.0,472.0,448.0,454.0,454.0,10079000,CLEO
2020-06-11,454.0,460.0,446.0,456.0,456.0,7052600,CLEO
2020-06-12,454.0,454.0,440.0,454.0,454.0,6629100,CLEO
2020-06-15,456.0,458.0,450.0,452.0,452.0,5665200,CLEO
2020-06-16,452.0,468.0,452.0,462.0,462.0,7290900,CLEO
2020-06-17,462.0,476.0,462.0,470.0,470.0,9692700,CLEO
2020-06-18,472.0,472.0,464.0,466.0,466.0,5673000,CLEO
2020-06-19,468.0,470.0,460.0,460.0,460.0,7521300,CLEO
2020-06-22,460.0,462.0,456.0,458.0,458.0,6135300,CLEO
2020-06-23,460.0,466.0,450.0,460.0,460.0,7869400,CLEO
2019-06-24,10000.0,10025.0,9925.0,9950.0,9950.0,1975100,ICBP
2019-06-25,9975.0,10100.0,9875.0,10000.0,10000.0,24636700,ICBP
2019-06-26,9950.0,10150.0,9925.0,10050.0,10050.0,4283700,ICBP
2019-06-27,10050.0,10175.0,10000.0,10150.0,10150.0,4233600,ICBP
2019-06-28,10200.0,10200.0,10150.0,10150.0,10150.0,5163200,ICBP
2019-07-01,10175.0,10175.0,10025.0,10125.0,10125.0,1810900,ICBP
2019-07-02,10000.0,10150.0,9950.0,10125.0,10125.0,2919400,ICBP
2019-07-03,10000.0,10125.0,10000.0,10125.0,10125.0,3023200,ICBP
2019-07-04,10075.0,10125.0,10075.0,10100.0,10100.0,1186700,ICBP
2019-07-05,10025.0,10150.0,10025.0,10100.0,10100.0,4857300,ICBP
2019-07-08,10100.0,10125.0,10000.0,10025.0,10025.0,3219300,ICBP
2019-07-09,9950.0,10125.0,9950.0,10100.0,10100.0,2957200,ICBP
2019-07-10,10050.0,10150.0,10025.0,10125.0,10125.0,4132100,ICBP
2019-07-11,10075.0,10250.0,10075.0,10250.0,10250.0,4959400,ICBP
2019-07-12,10250.0,10400.0,10200.0,10275.0,10275.0,4944000,ICBP
2019-07-15,10400.0,10400.0,10275.0,10375.0,10375.0,3802600,ICBP
2019-07-16,10375.0,10425.0,10300.0,10425.0,10425.0,2887800,ICBP
2019-07-17,10425.0,10650.0,10350.0,10625.0,10625.0,4657700,ICBP
2019-07-18,10625.0,10825.0,10575.0,10725.0,10725.0,3141500,ICBP
2019-07-19,10800.0,10850.0,10725.0,10850.0,10850.0,4500500,ICBP
2019-07-22,10850.0,10850.0,10550.0,10650.0,10650.0,2231900,ICBP
2019-07-23,10650.0,10825.0,10625.0,10725.0,10725.0,3789800,ICBP
2019-07-24,10775.0,10775.0,10550.0,10575.0,10575.0,2573700,ICBP
2019-07-25,10600.0,10825.0,10575.0,10700.0,10700.0,4393300,ICBP
2019-07-26,10675.0,10775.0,10250.0,10575.0,10575.0,5094200,ICBP
2019-07-29,10600.0,10600.0,10150.0,10550.0,10550.0,4662100,ICBP
2019-07-30,10350.0,10625.0,10325.0,10625.0,10625.0,6836000,ICBP
2019-07-31,10700.0,10725.0,10600.0,10700.0,10700.0,9353300,ICBP
2019-08-01,10700.0,10825.0,10575.0,10700.0,10700.0,5747800,ICBP
2019-08-02,10600.0,10875.0,10600.0,10850.0,10850.0,6844300,ICBP
2019-08-05,10800.0,11175.0,10725.0,10875.0,10875.0,10260200,ICBP
2019-08-06,10875.0,10875.0,10625.0,10775.0,10775.0,7514300,ICBP
2019-08-07,10875.0,11900.0,10850.0,11225.0,11225.0,8654200,ICBP
2019-08-08,11100.0,11500.0,11100.0,11175.0,11175.0,7458300,ICBP
2019-08-09,11275.0,11350.0,11200.0,11300.0,11300.0,4156500,ICBP
2019-08-12,11350.0,11450.0,11225.0,11275.0,11275.0,2861900,ICBP
2019-08-13,11500.0,11500.0,11175.0,11250.0,11250.0,7798500,ICBP
2019-08-14,11400.0,11400.0,11275.0,11350.0,11350.0,4994700,ICBP
2019-08-15,11100.0,11500.0,11050.0,11500.0,11500.0,7785500,ICBP
2019-08-16,10750.0,11650.0,10750.0,11625.0,11625.0,7037500,ICBP
2019-08-19,11625.0,12125.0,11475.0,11525.0,11525.0,7924300,ICBP
2019-08-20,11800.0,11950.0,11600.0,11900.0,11900.0,11360000,ICBP
2019-08-21,11875.0,11900.0,11725.0,11800.0,11800.0,7288200,ICBP
2019-08-22,11900.0,11900.0,11800.0,11825.0,11825.0,7625300,ICBP
2019-08-23,12075.0,12075.0,11700.0,11775.0,11775.0,7936400,ICBP
2019-08-26,11675.0,11775.0,11250.0,11750.0,11750.0,6608200,ICBP
2019-08-27,11850.0,11850.0,11725.0,11750.0,11750.0,12491900,ICBP
2019-08-28,11900.0,11950.0,11775.0,11825.0,11825.0,8964800,ICBP
2019-08-29,11825.0,12050.0,11825.0,12000.0,12000.0,12311400,ICBP
2019-08-30,12100.0,12100.0,11950.0,12050.0,12050.0,7502900,ICBP
2019-09-02,12100.0,12100.0,11950.0,11975.0,11975.0,2153200,ICBP
2019-09-03,11975.0,12025.0,11850.0,12000.0,12000.0,2459000,ICBP
2019-09-04,12100.0,12100.0,11975.0,12000.0,12000.0,5760400,ICBP
2019-09-05,11775.0,12000.0,11700.0,12000.0,12000.0,4230700,ICBP
2019-09-06,12000.0,12000.0,11775.0,11900.0,11900.0,2320000,ICBP
2019-09-09,11900.0,11950.0,11800.0,11850.0,11850.0,2642700,ICBP
2019-09-10,11850.0,12025.0,11825.0,12025.0,12025.0,4550900,ICBP
2019-09-11,12025.0,12050.0,11850.0,11950.0,11950.0,5861100,ICBP
2019-09-12,12000.0,12025.0,11850.0,11925.0,11925.0,2164800,ICBP
2019-09-13,11800.0,11825.0,11550.0,11600.0,11600.0,4968500,ICBP
2019-09-16,11500.0,11875.0,11475.0,11825.0,11825.0,6073500,ICBP
2019-09-17,11900.0,12000.0,11875.0,11950.0,11950.0,5113400,ICBP
2019-09-18,11950.0,12000.0,11850.0,11875.0,11875.0,2632200,ICBP
2019-09-19,11975.0,11975.0,11850.0,11900.0,11900.0,2160600,ICBP
2019-09-20,11925.0,11950.0,11775.0,11950.0,11950.0,8730600,ICBP
2019-09-23,11950.0,11975.0,11850.0,11875.0,11875.0,2435100,ICBP
2019-09-24,11950.0,11975.0,11725.0,11800.0,11800.0,2092300,ICBP
2019-09-25,11800.0,11850.0,11600.0,11800.0,11800.0,4008700,ICBP
2019-09-26,11900.0,12050.0,11875.0,12000.0,12000.0,4714500,ICBP
2019-09-27,12000.0,12000.0,11875.0,11950.0,11950.0,2938500,ICBP
2019-09-30,11950.0,12025.0,11900.0,12025.0,12025.0,3417900,ICBP
2019-10-01,11950.0,11975.0,11875.0,11925.0,11925.0,2714500,ICBP
2019-10-02,11975.0,12550.0,11975.0,12200.0,12200.0,3768000,ICBP
2019-10-03,12275.0,12400.0,11700.0,12200.0,12200.0,6457500,ICBP
2019-10-04,12275.0,12325.0,12150.0,12225.0,12225.0,1296900,ICBP
2019-10-07,12225.0,12350.0,12150.0,12275.0,12275.0,1419100,ICBP
2019-10-08,12400.0,12400.0,12275.0,12400.0,12400.0,2937900,ICBP
2019-10-09,12500.0,12500.0,11975.0,12000.0,12000.0,3141600,ICBP
2019-10-10,11875.0,11875.0,11350.0,11450.0,11450.0,9475400,ICBP
2019-10-11,11550.0,11675.0,11525.0,11625.0,11625.0,6715800,ICBP
2019-10-14,11650.0,11750.0,11550.0,11600.0,11600.0,6405900,ICBP
2019-10-15,11550.0,11625.0,11325.0,11375.0,11375.0,3905000,ICBP
2019-10-16,11400.0,11600.0,11250.0,11325.0,11325.0,8774100,ICBP
2019-10-17,11325.0,11550.0,11325.0,11550.0,11550.0,4469900,ICBP
2019-10-18,11575.0,11600.0,11250.0,11275.0,11275.0,5140100,ICBP
2019-10-21,11275.0,11600.0,11250.0,11400.0,11400.0,4684500,ICBP
2019-10-22,11500.0,11525.0,11375.0,11425.0,11425.0,5062200,ICBP
2019-10-23,11425.0,11525.0,11300.0,11500.0,11500.0,5815300,ICBP
2019-10-24,11500.0,11625.0,11450.0,11600.0,11600.0,8818700,ICBP
2019-10-25,11575.0,11700.0,11200.0,11425.0,11425.0,5173500,ICBP
2019-10-28,11450.0,11725.0,11350.0,11700.0,11700.0,2733100,ICBP
2019-10-29,11675.0,11700.0,11500.0,11600.0,11600.0,4852400,ICBP
2019-10-30,11850.0,11850.0,11600.0,11675.0,11675.0,4996400,ICBP
2019-10-31,11650.0,11725.0,11575.0,11625.0,11625.0,6226300,ICBP
2019-11-01,11750.0,11750.0,11575.0,11625.0,11625.0,3642500,ICBP
2019-11-04,11625.0,11650.0,11325.0,11350.0,11350.0,4044400,ICBP
2019-11-05,11300.0,11425.0,11100.0,11200.0,11200.0,9265000,ICBP
2019-11-06,11250.0,11325.0,11100.0,11225.0,11225.0,6111800,ICBP
2019-11-07,11250.0,11300.0,10800.0,10800.0,10800.0,6648400,ICBP
2019-11-08,10775.0,11300.0,10750.0,11275.0,11275.0,8192000,ICBP
2019-11-11,11300.0,11475.0,11300.0,11400.0,11400.0,9711300,ICBP
2019-11-12,11400.0,11425.0,11300.0,11400.0,11400.0,6231700,ICBP
2019-11-13,11400.0,11475.0,11325.0,11475.0,11475.0,3092400,ICBP
2019-11-14,11475.0,11500.0,11325.0,11400.0,11400.0,13000400,ICBP
2019-11-15,11350.0,11425.0,11350.0,11400.0,11400.0,8348400,ICBP
2019-11-18,11400.0,11450.0,11300.0,11400.0,11400.0,3468700,ICBP
2019-11-19,11400.0,11425.0,11250.0,11425.0,11425.0,7517700,ICBP
2019-11-20,11400.0,11425.0,11350.0,11425.0,11425.0,2800200,ICBP
2019-11-21,11400.0,11450.0,11400.0,11400.0,11400.0,5055700,ICBP
2019-11-22,11300.0,11425.0,11300.0,11425.0,11425.0,1941500,ICBP
2019-11-25,11375.0,11425.0,11375.0,11400.0,11400.0,8105000,ICBP
2019-11-26,11375.0,11425.0,11375.0,11375.0,11375.0,13063100,ICBP
2019-11-27,11325.0,11550.0,11300.0,11375.0,11375.0,2689000,ICBP
2019-11-28,11450.0,11525.0,11325.0,11325.0,11325.0,2859600,ICBP
2019-11-29,11325.0,11500.0,11300.0,11325.0,11325.0,3762100,ICBP
2019-12-02,11350.0,11500.0,11350.0,11400.0,11400.0,2671100,ICBP
2019-12-03,11600.0,11625.0,11375.0,11400.0,11400.0,2400700,ICBP
2019-12-04,11400.0,11425.0,11100.0,11100.0,11100.0,6445900,ICBP
2019-12-05,11250.0,11325.0,11150.0,11250.0,11250.0,6379900,ICBP
2019-12-06,11300.0,11450.0,11250.0,11425.0,11425.0,2077700,ICBP
2019-12-09,11425.0,11425.0,11325.0,11375.0,11375.0,2446300,ICBP
2019-12-10,11375.0,11550.0,11350.0,11375.0,11375.0,3879900,ICBP
2019-12-11,11400.0,11525.0,11400.0,11450.0,11450.0,2694800,ICBP
2019-12-12,11525.0,11525.0,11350.0,11375.0,11375.0,3944900,ICBP
2019-12-13,11350.0,11475.0,11350.0,11450.0,11450.0,3441700,ICBP
2019-12-16,11350.0,11450.0,11325.0,11350.0,11350.0,4959000,ICBP
2019-12-17,11325.0,11500.0,11300.0,11500.0,11500.0,7056800,ICBP
2019-12-18,11450.0,11500.0,11250.0,11500.0,11500.0,9347100,ICBP
2019-12-19,11475.0,11475.0,11375.0,11425.0,11425.0,3900600,ICBP
2019-12-20,11400.0,11525.0,11275.0,11525.0,11525.0,12072700,ICBP
2019-12-23,11500.0,11500.0,11325.0,11400.0,11400.0,4627300,ICBP
2019-12-26,11325.0,11425.0,11250.0,11275.0,11275.0,2931200,ICBP
2019-12-27,11275.0,11275.0,11100.0,11175.0,11175.0,6856300,ICBP
2019-12-30,11200.0,11275.0,11150.0,11150.0,11150.0,5838000,ICBP
2020-01-02,11275.0,11300.0,11100.0,11150.0,11150.0,1240200,ICBP
2020-01-03,11150.0,11275.0,11050.0,11250.0,11250.0,3044300,ICBP
2020-01-06,11250.0,11550.0,11175.0,11500.0,11500.0,3369400,ICBP
2020-01-07,11550.0,11550.0,11200.0,11500.0,11500.0,4636500,ICBP
2020-01-08,11300.0,11550.0,11300.0,11550.0,11550.0,3602100,ICBP
2020-01-09,11550.0,11550.0,11400.0,11525.0,11525.0,4490400,ICBP
2020-01-10,11550.0,11575.0,11475.0,11525.0,11525.0,4671700,ICBP
2020-01-13,11600.0,11600.0,11525.0,11550.0,11550.0,3006900,ICBP
2020-01-14,11625.0,11625.0,11550.0,11600.0,11600.0,4265000,ICBP
2020-01-15,11625.0,11625.0,11425.0,11475.0,11475.0,4462500,ICBP
2020-01-16,11475.0,11600.0,11425.0,11600.0,11600.0,4698300,ICBP
2020-01-17,11600.0,11600.0,11550.0,11575.0,11575.0,2827400,ICBP
2020-01-20,11575.0,11600.0,11550.0,11600.0,11600.0,3167900,ICBP
2020-01-21,11625.0,11800.0,11600.0,11700.0,11700.0,3918900,ICBP
2020-01-22,11700.0,11875.0,11675.0,11750.0,11750.0,5004000,ICBP
2020-01-23,11700.0,11775.0,11650.0,11700.0,11700.0,1669200,ICBP
2020-01-24,11675.0,11700.0,11600.0,11700.0,11700.0,1701000,ICBP
2020-01-27,11700.0,11725.0,11625.0,11650.0,11650.0,2236100,ICBP
2020-01-28,11625.0,11650.0,11300.0,11625.0,11625.0,3602200,ICBP
2020-01-29,11650.0,11800.0,11650.0,11700.0,11700.0,2873700,ICBP
2020-01-30,11750.0,11900.0,11475.0,11625.0,11625.0,5091400,ICBP
2020-01-31,11600.0,11600.0,11375.0,11375.0,11375.0,6281100,ICBP
2020-02-03,11375.0,11425.0,11300.0,11400.0,11400.0,2396500,ICBP
2020-02-04,11550.0,11700.0,11475.0,11600.0,11600.0,6060300,ICBP
2020-02-05,11600.0,11625.0,11450.0,11500.0,11500.0,2591600,ICBP
2020-02-06,11475.0,11650.0,11475.0,11500.0,11500.0,2299400,ICBP
2020-02-07,11500.0,11550.0,11400.0,11500.0,11500.0,1786400,ICBP
2020-02-10,11650.0,11650.0,11400.0,11575.0,11575.0,2697700,ICBP
2020-02-11,11575.0,11575.0,11400.0,11475.0,11475.0,13191900,ICBP
2020-02-12,11050.0,11050.0,10550.0,10750.0,10750.0,38781300,ICBP
2020-02-13,10700.0,10950.0,10600.0,10800.0,10800.0,6782100,ICBP
2020-02-14,10825.0,10850.0,10750.0,10775.0,10775.0,5096600,ICBP
2020-02-17,10750.0,10925.0,10725.0,10850.0,10850.0,3487400,ICBP
2020-02-18,10850.0,10950.0,10825.0,10850.0,10850.0,5428000,ICBP
2020-02-19,10950.0,11000.0,10800.0,11000.0,11000.0,3665500,ICBP
2020-02-20,11025.0,11375.0,11000.0,11225.0,11225.0,5472600,ICBP
2020-02-21,11225.0,11275.0,10925.0,10950.0,10950.0,4520700,ICBP
2020-02-24,10750.0,11125.0,10750.0,11025.0,11025.0,2871700,ICBP
2020-02-25,11000.0,11075.0,10875.0,10975.0,10975.0,3213600,ICBP
2020-02-26,10900.0,10925.0,10775.0,10825.0,10825.0,4142700,ICBP
2020-02-27,10750.0,10825.0,10350.0,10550.0,10550.0,5781400,ICBP
2020-02-28,10100.0,10450.0,9900.0,10275.0,10275.0,12019600,ICBP
2020-03-02,10275.0,10275.0,9975.0,10150.0,10150.0,6373100,ICBP
2020-03-03,10650.0,11125.0,10475.0,10950.0,10950.0,7187600,ICBP
2020-03-04,10975.0,11000.0,10750.0,10950.0,10950.0,4640300,ICBP
2020-03-05,11025.0,11075.0,10800.0,10950.0,10950.0,6386500,ICBP
2020-03-06,10750.0,11000.0,10750.0,10950.0,10950.0,5805700,ICBP
2020-03-09,10700.0,10700.0,10350.0,10375.0,10375.0,4459700,ICBP
2020-03-10,10300.0,11000.0,10300.0,10775.0,10775.0,4665700,ICBP
2020-03-11,10775.0,10950.0,10450.0,10950.0,10950.0,5798300,ICBP
2020-03-12,10775.0,10950.0,10500.0,10525.0,10525.0,4114900,ICBP
2020-03-13,10525.0,11100.0,9800.0,10975.0,10975.0,9473800,ICBP
2020-03-16,10825.0,10925.0,10325.0,10400.0,10400.0,6384200,ICBP
2020-03-17,10400.0,10500.0,9700.0,9750.0,9750.0,8147300,ICBP
2020-03-18,9875.0,9950.0,9075.0,9325.0,9325.0,6285700,ICBP
2020-03-19,9100.0,9100.0,8675.0,8850.0,8850.0,7344600,ICBP
2020-03-20,9000.0,9700.0,8300.0,8975.0,8975.0,16501400,ICBP
2020-03-23,8950.0,8950.0,8350.0,8350.0,8350.0,4901900,ICBP
2020-03-24,8300.0,9050.0,8125.0,8300.0,8300.0,10642400,ICBP
2020-03-26,8525.0,9900.0,8325.0,9500.0,9500.0,14307800,ICBP
2020-03-27,9500.0,10350.0,9500.0,9975.0,9975.0,6618600,ICBP
2020-03-30,9950.0,10100.0,9300.0,9650.0,9650.0,4572400,ICBP
2020-03-31,9650.0,10700.0,9650.0,10225.0,10225.0,10710300,ICBP
2020-04-01,10200.0,10475.0,9900.0,10150.0,10150.0,4606400,ICBP
2020-04-02,10100.0,10300.0,9800.0,10200.0,10200.0,7811800,ICBP
2020-04-03,10200.0,10300.0,9925.0,10000.0,10000.0,4190800,ICBP
2020-04-06,10100.0,10300.0,9950.0,10250.0,10250.0,5343900,ICBP
2020-04-07,10350.0,10600.0,9875.0,10075.0,10075.0,6342100,ICBP
2020-04-08,10100.0,10200.0,9575.0,9600.0,9600.0,7488000,ICBP
2020-04-09,9600.0,10125.0,9600.0,10100.0,10100.0,5938100,ICBP
2020-04-13,10100.0,10300.0,10050.0,10200.0,10200.0,3225000,ICBP
2020-04-14,10200.0,10350.0,10100.0,10350.0,10350.0,4600800,ICBP
2020-04-15,10350.0,10350.0,9900.0,10175.0,10175.0,3361900,ICBP
2020-04-16,10175.0,10175.0,9900.0,9900.0,9900.0,5543800,ICBP
2020-04-17,10000.0,10300.0,10000.0,10200.0,10200.0,6244900,ICBP
2020-04-20,10300.0,10300.0,10025.0,10075.0,10075.0,5211200,ICBP
2020-04-21,10075.0,10200.0,9975.0,9975.0,9975.0,2472900,ICBP
2020-04-22,10000.0,10175.0,9975.0,10025.0,10025.0,4752000,ICBP
2020-04-23,10175.0,10250.0,10050.0,10150.0,10150.0,5175900,ICBP
2020-04-24,10200.0,10200.0,9900.0,9900.0,9900.0,6779300,ICBP
2020-04-27,9900.0,10050.0,9750.0,9925.0,9925.0,3587100,ICBP
2020-04-28,9900.0,10050.0,9900.0,10025.0,10025.0,3350600,ICBP
2020-04-29,10050.0,10100.0,9900.0,10000.0,10000.0,3956900,ICBP
2020-04-30,10050.0,10150.0,9875.0,9875.0,9875.0,7794500,ICBP
2020-05-04,9875.0,9900.0,9700.0,9700.0,9700.0,5036700,ICBP
2020-05-05,9850.0,9850.0,9700.0,9750.0,9750.0,2481700,ICBP
2020-05-06,9775.0,9875.0,9650.0,9675.0,9675.0,5417100,ICBP
2020-05-08,9700.0,9775.0,9550.0,9625.0,9625.0,7505800,ICBP
2020-05-11,9725.0,9825.0,9700.0,9750.0,9750.0,3409000,ICBP
2020-05-12,9750.0,9800.0,9625.0,9750.0,9750.0,10015800,ICBP
2020-05-13,9750.0,9775.0,9600.0,9650.0,9650.0,3462800,ICBP
2020-05-14,9675.0,9975.0,9600.0,9725.0,9725.0,7272200,ICBP
2020-05-15,9800.0,9900.0,9700.0,9700.0,9700.0,6164400,ICBP
2020-05-18,9700.0,9825.0,9625.0,9725.0,9725.0,3533300,ICBP
2020-05-19,9800.0,9950.0,9800.0,9900.0,9900.0,6299300,ICBP
2020-05-20,9800.0,9900.0,9350.0,9600.0,9600.0,11973600,ICBP
2020-05-26,9600.0,9600.0,8950.0,8950.0,8950.0,10324600,ICBP
2020-05-27,8700.0,8700.0,8325.0,8325.0,8325.0,13319000,ICBP
2020-05-28,8075.0,8575.0,7750.0,8325.0,8325.0,204450600,ICBP
2020-05-29,8350.0,8500.0,8150.0,8150.0,8150.0,61130900,ICBP
2020-06-02,8250.0,8550.0,8250.0,8475.0,8475.0,39990400,ICBP
2020-06-03,8600.0,8800.0,8400.0,8500.0,8500.0,38866800,ICBP
2020-06-04,8525.0,8700.0,8500.0,8500.0,8500.0,28171800,ICBP
2020-06-05,8525.0,8625.0,8400.0,8625.0,8625.0,13685700,ICBP
2020-06-08,8725.0,9000.0,8700.0,8775.0,8775.0,24469300,ICBP
2020-06-09,8850.0,8975.0,8800.0,8900.0,8900.0,21394700,ICBP
2020-06-10,8800.0,8900.0,8625.0,8650.0,8650.0,15356000,ICBP
2020-06-11,8575.0,8750.0,8450.0,8600.0,8600.0,11516100,ICBP
2020-06-12,8600.0,8625.0,8200.0,8600.0,8600.0,15411500,ICBP
2020-06-15,8600.0,8800.0,8575.0,8700.0,8700.0,12064600,ICBP
2020-06-16,8700.0,8900.0,8700.0,8875.0,8875.0,9437600,ICBP
2020-06-17,8875.0,9000.0,8875.0,8950.0,8950.0,7449300,ICBP
2020-06-18,8900.0,8975.0,8750.0,8750.0,8750.0,6346200,ICBP
2020-06-19,8700.0,8925.0,8675.0,8925.0,8925.0,6381100,ICBP
2020-06-22,8925.0,9250.0,8900.0,9100.0,9100.0,15587900,ICBP
2020-06-23,9150.0,9150.0,8925.0,8925.0,8925.0,12104800,ICBP
2019-06-24,2530.0,2530.0,2470.0,2470.0,2441.116943,2341900,MYOR
2019-06-25,2510.0,2520.0,2460.0,2460.0,2431.2338870000003,2627000,MYOR
2019-06-26,2470.0,2490.0,2450.0,2470.0,2441.116943,1613200,MYOR
2019-06-27,2490.0,2500.0,2450.0,2470.0,2441.116943,2612900,MYOR
2019-06-28,2480.0,2500.0,2470.0,2480.0,2451.0,2658900,MYOR
2019-07-01,2480.0,2490.0,2450.0,2480.0,2480.0,3197800,MYOR
2019-07-02,2480.0,2490.0,2440.0,2440.0,2440.0,3276900,MYOR
2019-07-03,2450.0,2470.0,2360.0,2390.0,2390.0,5157800,MYOR
2019-07-04,2390.0,2420.0,2390.0,2400.0,2400.0,2554000,MYOR
2019-07-05,2410.0,2420.0,2390.0,2400.0,2400.0,706400,MYOR
2019-07-08,2400.0,2420.0,2370.0,2380.0,2380.0,1320600,MYOR
2019-07-09,2380.0,2400.0,2380.0,2390.0,2390.0,696800,MYOR
2019-07-10,2390.0,2410.0,2390.0,2400.0,2400.0,1228900,MYOR
2019-07-11,2400.0,2400.0,2320.0,2350.0,2350.0,4489600,MYOR
2019-07-12,2350.0,2370.0,2280.0,2280.0,2280.0,6350000,MYOR
2019-07-15,2300.0,2340.0,2220.0,2220.0,2220.0,11522700,MYOR
2019-07-16,2220.0,2250.0,2100.0,2140.0,2140.0,14815300,MYOR
2019-07-17,2160.0,2200.0,2130.0,2140.0,2140.0,11585000,MYOR
2019-07-18,2140.0,2170.0,2100.0,2110.0,2110.0,10157000,MYOR
2019-07-19,2120.0,2270.0,2110.0,2220.0,2220.0,16543900,MYOR
2019-07-22,2240.0,2340.0,2230.0,2330.0,2330.0,25229400,MYOR
2019-07-23,2340.0,2390.0,2300.0,2350.0,2350.0,13358700,MYOR
2019-07-24,2350.0,2390.0,2300.0,2380.0,2380.0,7733000,MYOR
2019-07-25,2380.0,2440.0,2350.0,2430.0,2430.0,9683200,MYOR
2019-07-26,2440.0,2440.0,2390.0,2420.0,2420.0,8253100,MYOR
2019-07-29,2420.0,2420.0,2380.0,2410.0,2410.0,7474200,MYOR
2019-07-30,2410.0,2470.0,2390.0,2450.0,2450.0,5696200,MYOR
2019-07-31,2470.0,2500.0,2450.0,2490.0,2490.0,6144500,MYOR
2019-08-01,2480.0,2550.0,2300.0,2540.0,2540.0,10356500,MYOR
2019-08-02,2540.0,2540.0,2470.0,2500.0,2500.0,7883300,MYOR
2019-08-05,2500.0,2510.0,2390.0,2460.0,2460.0,4760300,MYOR
2019-08-06,2460.0,2460.0,2350.0,2450.0,2450.0,2695300,MYOR
2019-08-07,2470.0,2470.0,2420.0,2450.0,2450.0,2219700,MYOR
2019-08-08,2450.0,2470.0,2440.0,2440.0,2440.0,2192600,MYOR
2019-08-09,2440.0,2470.0,2440.0,2460.0,2460.0,1344700,MYOR
2019-08-12,2460.0,2480.0,2440.0,2450.0,2450.0,1562700,MYOR
2019-08-13,2450.0,2460.0,2400.0,2410.0,2410.0,604500,MYOR
2019-08-14,2420.0,2480.0,2410.0,2460.0,2460.0,2386000,MYOR
2019-08-15,2460.0,2470.0,2410.0,2470.0,2470.0,1496400,MYOR
2019-08-16,2450.0,2470.0,2410.0,2450.0,2450.0,3389400,MYOR
2019-08-19,2470.0,2470.0,2430.0,2450.0,2450.0,2607900,MYOR
2019-08-20,2450.0,2450.0,2380.0,2410.0,2410.0,3337800,MYOR
2019-08-21,2420.0,2440.0,2390.0,2410.0,2410.0,3726400,MYOR
2019-08-22,2410.0,2430.0,2400.0,2410.0,2410.0,6125100,MYOR
2019-08-23,2420.0,2440.0,2400.0,2430.0,2430.0,2642200,MYOR
2019-08-26,2420.0,2470.0,2390.0,2460.0,2460.0,3082200,MYOR
2019-08-27,2460.0,2490.0,2460.0,2480.0,2480.0,3047000,MYOR
2019-08-28,2480.0,2520.0,2460.0,2520.0,2520.0,1833800,MYOR
2019-08-29,2520.0,2520.0,2480.0,2510.0,2510.0,1853500,MYOR
2019-08-30,2510.0,2510.0,2470.0,2490.0,2490.0,1461300,MYOR
2019-09-02,2500.0,2500.0,2460.0,2480.0,2480.0,1774000,MYOR
2019-09-03,2480.0,2490.0,2460.0,2490.0,2490.0,1417500,MYOR
2019-09-04,2490.0,2490.0,2450.0,2460.0,2460.0,2626700,MYOR
2019-09-05,2470.0,2490.0,2450.0,2470.0,2470.0,2239300,MYOR
2019-09-06,2470.0,2490.0,2460.0,2490.0,2490.0,976300,MYOR
2019-09-09,2500.0,2500.0,2470.0,2480.0,2480.0,1212400,MYOR
2019-09-10,2480.0,2490.0,2450.0,2450.0,2450.0,916400,MYOR
2019-09-11,2450.0,2500.0,2430.0,2490.0,2490.0,1184300,MYOR
2019-09-12,2490.0,2500.0,2380.0,2400.0,2400.0,9891200,MYOR
2019-09-13,2450.0,2450.0,2400.0,2430.0,2430.0,1209900,MYOR
2019-09-16,2430.0,2430.0,2340.0,2400.0,2400.0,2314400,MYOR
2019-09-17,2400.0,2400.0,2370.0,2400.0,2400.0,793300,MYOR
2019-09-18,2410.0,2410.0,2360.0,2400.0,2400.0,930500,MYOR
2019-09-19,2400.0,2400.0,2370.0,2400.0,2400.0,767400,MYOR
2019-09-20,2400.0,2420.0,2370.0,2400.0,2400.0,719000,MYOR
2019-09-23,2400.0,2410.0,2320.0,2380.0,2380.0,907400,MYOR
2019-09-24,2380.0,2380.0,2280.0,2300.0,2300.0,1836400,MYOR
2019-09-25,2300.0,2300.0,2240.0,2260.0,2260.0,3686700,MYOR
2019-09-26,2270.0,2290.0,2260.0,2280.0,2280.0,1911600,MYOR
2019-09-27,2280.0,2330.0,2280.0,2280.0,2280.0,3436400,MYOR
2019-09-30,2280.0,2290.0,2200.0,2230.0,2230.0,2820300,MYOR
2019-10-01,2240.0,2250.0,2210.0,2210.0,2210.0,1381200,MYOR
2019-10-02,2210.0,2250.0,2210.0,2220.0,2220.0,1681800,MYOR
2019-10-03,2220.0,2340.0,2200.0,2300.0,2300.0,1438700,MYOR
2019-10-04,2300.0,2340.0,2280.0,2300.0,2300.0,1411300,MYOR
2019-10-07,2290.0,2320.0,2260.0,2290.0,2290.0,906500,MYOR
2019-10-08,2290.0,2350.0,2280.0,2340.0,2340.0,1640100,MYOR
2019-10-09,2350.0,2350.0,2280.0,2310.0,2310.0,510900,MYOR
2019-10-10,2310.0,2310.0,2260.0,2260.0,2260.0,578400,MYOR
2019-10-11,2260.0,2290.0,2230.0,2260.0,2260.0,3244300,MYOR
2019-10-14,2280.0,2280.0,2160.0,2220.0,2220.0,5424400,MYOR
2019-10-15,2230.0,2230.0,2180.0,2200.0,2200.0,2669200,MYOR
2019-10-16,2210.0,2240.0,2180.0,2190.0,2190.0,1476200,MYOR
2019-10-17,2200.0,2230.0,2200.0,2220.0,2220.0,1482500,MYOR
2019-10-18,2230.0,2270.0,2230.0,2240.0,2240.0,2638200,MYOR
2019-10-21,2260.0,2260.0,2210.0,2210.0,2210.0,1518000,MYOR
2019-10-22,2210.0,2230.0,2180.0,2180.0,2180.0,3027300,MYOR
2019-10-23,2200.0,2220.0,2190.0,2210.0,2210.0,2824900,MYOR
2019-10-24,2210.0,2240.0,2200.0,2220.0,2220.0,6706500,MYOR
2019-10-25,2220.0,2250.0,2190.0,2190.0,2190.0,5579900,MYOR
2019-10-28,2200.0,2220.0,2200.0,2210.0,2210.0,926000,MYOR
2019-10-29,2210.0,2220.0,2180.0,2190.0,2190.0,5625600,MYOR
2019-10-30,2190.0,2200.0,2160.0,2160.0,2160.0,3061500,MYOR
2019-10-31,2170.0,2190.0,2130.0,2140.0,2140.0,4744700,MYOR
2019-11-01,2140.0,2190.0,2140.0,2170.0,2170.0,3738800,MYOR
2019-11-04,2170.0,2190.0,2150.0,2170.0,2170.0,1938800,MYOR
2019-11-05,2170.0,2180.0,2120.0,2150.0,2150.0,3564700,MYOR
2019-11-06,2150.0,2170.0,2120.0,2140.0,2140.0,1216600,MYOR
2019-11-07,2140.0,2150.0,2110.0,2130.0,2130.0,1302300,MYOR
2019-11-08,2130.0,2160.0,2130.0,2140.0,2140.0,1439100,MYOR
2019-11-11,2150.0,2150.0,2110.0,2120.0,2120.0,1185400,MYOR
2019-11-12,2120.0,2140.0,2100.0,2130.0,2130.0,877500,MYOR
2019-11-13,2130.0,2170.0,2130.0,2150.0,2150.0,1498000,MYOR
2019-11-14,2160.0,2170.0,2120.0,2170.0,2170.0,1086500,MYOR
2019-11-15,2170.0,2220.0,2160.0,2200.0,2200.0,3501200,MYOR
2019-11-18,2210.0,2220.0,2200.0,2200.0,2200.0,1069600,MYOR
2019-11-19,2200.0,2210.0,2180.0,2200.0,2200.0,1406500,MYOR
2019-11-20,2200.0,2200.0,2160.0,2200.0,2200.0,1639500,MYOR
2019-11-21,2200.0,2210.0,2110.0,2150.0,2150.0,2266100,MYOR
2019-11-22,2150.0,2160.0,2120.0,2130.0,2130.0,824800,MYOR
2019-11-25,2130.0,2150.0,2120.0,2120.0,2120.0,1158300,MYOR
2019-11-26,2120.0,2150.0,2070.0,2100.0,2100.0,4942300,MYOR
2019-11-27,2100.0,2110.0,2060.0,2100.0,2100.0,2609000,MYOR
2019-11-28,2100.0,2110.0,2060.0,2090.0,2090.0,1443000,MYOR
2019-11-29,2090.0,2090.0,2030.0,2060.0,2060.0,1892600,MYOR
2019-12-02,2060.0,2100.0,2040.0,2100.0,2100.0,837600,MYOR
2019-12-03,2100.0,2100.0,2070.0,2090.0,2090.0,1153800,MYOR
2019-12-04,2090.0,2100.0,2050.0,2080.0,2080.0,2770300,MYOR
2019-12-05,2080.0,2100.0,2060.0,2060.0,2060.0,1674700,MYOR
2019-12-06,2060.0,2080.0,2040.0,2060.0,2060.0,1997700,MYOR
2019-12-09,2060.0,2090.0,2040.0,2060.0,2060.0,1599300,MYOR
2019-12-10,2060.0,2080.0,2030.0,2040.0,2040.0,2504400,MYOR
2019-12-11,2040.0,2080.0,2020.0,2040.0,2040.0,4501400,MYOR
2019-12-12,2050.0,2070.0,2030.0,2030.0,2030.0,2918700,MYOR
2019-12-13,2040.0,2050.0,2010.0,2020.0,2020.0,6071600,MYOR
2019-12-16,2020.0,2040.0,2020.0,2020.0,2020.0,2340900,MYOR
2019-12-17,2020.0,2040.0,1990.0,2000.0,2000.0,9393100,MYOR
2019-12-18,2000.0,2020.0,1970.0,1985.0,1985.0,6508400,MYOR
2019-12-19,1995.0,2000.0,1980.0,1985.0,1985.0,3351000,MYOR
2019-12-20,1990.0,1995.0,1950.0,1950.0,1950.0,5590100,MYOR
2019-12-23,1950.0,2020.0,1950.0,2000.0,2000.0,10260400,MYOR
2019-12-26,2000.0,2060.0,2000.0,2060.0,2060.0,7343800,MYOR
2019-12-27,2060.0,2090.0,2030.0,2050.0,2050.0,4513000,MYOR
2019-12-30,2050.0,2070.0,2020.0,2050.0,2050.0,3729600,MYOR
2020-01-02,2050.0,2050.0,2000.0,2030.0,2030.0,1547000,MYOR
2020-01-03,2030.0,2040.0,2020.0,2030.0,2030.0,2578900,MYOR
2020-01-06,2030.0,2040.0,2000.0,2020.0,2020.0,1177400,MYOR
2020-01-07,2020.0,2040.0,2020.0,2030.0,2030.0,1406500,MYOR
2020-01-08,2030.0,2030.0,1985.0,2000.0,2000.0,2454400,MYOR
2020-01-09,2000.0,2080.0,2000.0,2080.0,2080.0,6373200,MYOR
2020-01-10,2080.0,2100.0,2040.0,2050.0,2050.0,2478100,MYOR
2020-01-13,2020.0,2070.0,1970.0,2030.0,2030.0,2396200,MYOR
2020-01-14,2030.0,2040.0,2010.0,2020.0,2020.0,4487300,MYOR
2020-01-15,2030.0,2030.0,2000.0,2010.0,2010.0,1390100,MYOR
2020-01-16,2010.0,2020.0,2000.0,2010.0,2010.0,2561900,MYOR
2020-01-17,2010.0,2020.0,1995.0,2000.0,2000.0,1493000,MYOR
2020-01-20,2000.0,2020.0,1990.0,1990.0,1990.0,2106500,MYOR
2020-01-21,1990.0,2010.0,1980.0,1995.0,1995.0,1488300,MYOR
2020-01-22,2000.0,2000.0,1980.0,1985.0,1985.0,1835600,MYOR
2020-01-23,1980.0,1985.0,1965.0,1970.0,1970.0,1391300,MYOR
2020-01-24,1975.0,1980.0,1950.0,1960.0,1960.0,1864300,MYOR
2020-01-27,1960.0,1960.0,1900.0,1930.0,1930.0,3234800,MYOR
2020-01-28,1920.0,1935.0,1885.0,1925.0,1925.0,2635200,MYOR
2020-01-29,1950.0,1955.0,1920.0,1925.0,1925.0,784800,MYOR
2020-01-30,1925.0,1930.0,1900.0,1910.0,1910.0,1059300,MYOR
2020-01-31,1910.0,1930.0,1845.0,1920.0,1920.0,2547100,MYOR
2020-02-03,1920.0,1920.0,1860.0,1900.0,1900.0,1254100,MYOR
2020-02-04,1900.0,1910.0,1890.0,1905.0,1905.0,1799700,MYOR
2020-02-05,1905.0,1920.0,1900.0,1905.0,1905.0,1263400,MYOR
2020-02-06,1910.0,1940.0,1905.0,1930.0,1930.0,1321000,MYOR
2020-02-07,1935.0,2010.0,1930.0,1995.0,1995.0,3697600,MYOR
2020-02-10,1990.0,1990.0,1955.0,1990.0,1990.0,1701200,MYOR
2020-02-11,1990.0,2040.0,1975.0,2000.0,2000.0,10654300,MYOR
2020-02-12,2000.0,2030.0,1990.0,2010.0,2010.0,3646900,MYOR
2020-02-13,2010.0,2030.0,1995.0,2020.0,2020.0,2232500,MYOR
2020-02-14,2030.0,2030.0,1985.0,1990.0,1990.0,624600,MYOR
2020-02-17,1990.0,2020.0,1965.0,2000.0,2000.0,905200,MYOR
2020-02-18,2000.0,2050.0,1995.0,2030.0,2030.0,3644800,MYOR
2020-02-19,2030.0,2040.0,2000.0,2040.0,2040.0,2477400,MYOR
2020-02-20,2050.0,2050.0,1985.0,1985.0,1985.0,2627100,MYOR
2020-02-21,1985.0,2000.0,1940.0,1955.0,1955.0,4078600,MYOR
2020-02-24,1955.0,1955.0,1885.0,1905.0,1905.0,3090000,MYOR
2020-02-25,1905.0,1905.0,1870.0,1905.0,1905.0,944200,MYOR
2020-02-26,1890.0,1890.0,1840.0,1850.0,1850.0,2614700,MYOR
2020-02-27,1850.0,1860.0,1760.0,1800.0,1800.0,3955600,MYOR
2020-02-28,1800.0,1840.0,1650.0,1800.0,1800.0,6237000,MYOR
2020-03-02,1790.0,1840.0,1685.0,1765.0,1765.0,2191500,MYOR
2020-03-03,1765.0,1885.0,1765.0,1840.0,1840.0,2302600,MYOR
2020-03-04,1840.0,1885.0,1835.0,1885.0,1885.0,1766500,MYOR
2020-03-05,1885.0,1910.0,1875.0,1885.0,1885.0,1084800,MYOR
2020-03-06,1885.0,1885.0,1835.0,1865.0,1865.0,839400,MYOR
2020-03-09,1835.0,1835.0,1755.0,1770.0,1770.0,2485300,MYOR
2020-03-10,1765.0,1805.0,1745.0,1800.0,1800.0,1030900,MYOR
2020-03-11,1805.0,1885.0,1805.0,1850.0,1850.0,3588400,MYOR
2020-03-12,1825.0,1840.0,1770.0,1795.0,1795.0,1252800,MYOR
2020-03-13,1795.0,1795.0,1795.0,1795.0,1795.0,0,MYOR
2020-03-16,1795.0,1795.0,1795.0,1795.0,1795.0,0,MYOR
2020-03-17,1750.0,1800.0,1630.0,1645.0,1645.0,10731900,MYOR
2020-03-18,1630.0,1700.0,1570.0,1660.0,1660.0,7820300,MYOR
2020-03-19,1655.0,1660.0,1545.0,1545.0,1545.0,15950700,MYOR
2020-03-20,1530.0,1625.0,1440.0,1550.0,1550.0,4094800,MYOR
2020-03-23,1490.0,1530.0,1445.0,1460.0,1460.0,4047700,MYOR
2020-03-24,1475.0,1485.0,1360.0,1415.0,1415.0,5280700,MYOR
2020-03-26,1415.0,1705.0,1415.0,1610.0,1610.0,7972800,MYOR
2020-03-27,1640.0,1950.0,1640.0,1950.0,1950.0,7224400,MYOR
2020-03-30,1880.0,1890.0,1815.0,1815.0,1815.0,5269900,MYOR
2020-03-31,1820.0,1910.0,1815.0,1855.0,1855.0,2738200,MYOR
2020-04-01,1810.0,1855.0,1730.0,1830.0,1830.0,2648400,MYOR
2020-04-02,1825.0,1825.0,1705.0,1810.0,1810.0,2834900,MYOR
2020-04-03,1810.0,1825.0,1760.0,1810.0,1810.0,1960900,MYOR
2020-04-06,1810.0,1900.0,1770.0,1890.0,1890.0,5050000,MYOR
2020-04-07,1920.0,1960.0,1835.0,1875.0,1875.0,2899000,MYOR
2020-04-08,1875.0,1895.0,1835.0,1895.0,1895.0,1421900,MYOR
2020-04-09,1890.0,1940.0,1840.0,1920.0,1920.0,866100,MYOR
2020-04-13,1920.0,1935.0,1900.0,1925.0,1925.0,1690600,MYOR
2020-04-14,1950.0,1955.0,1920.0,1945.0,1945.0,1627400,MYOR
2020-04-15,1945.0,1960.0,1905.0,1925.0,1925.0,1294900,MYOR
2020-04-16,1925.0,1925.0,1865.0,1900.0,1900.0,2246600,MYOR
2020-04-17,1895.0,2040.0,1895.0,2040.0,2040.0,4835100,MYOR
2020-04-20,2040.0,2110.0,1965.0,2070.0,2070.0,3922500,MYOR
2020-04-21,2070.0,2090.0,2020.0,2080.0,2080.0,5832000,MYOR
2020-04-22,2080.0,2110.0,2020.0,2070.0,2070.0,5025800,MYOR
2020-04-23,2080.0,2240.0,2080.0,2230.0,2230.0,6335700,MYOR
2020-04-24,2230.0,2240.0,2100.0,2180.0,2180.0,4283000,MYOR
2020-04-27,2180.0,2270.0,2150.0,2190.0,2190.0,7115500,MYOR
2020-04-28,2200.0,2210.0,2120.0,2180.0,2180.0,1444700,MYOR
2020-04-29,2190.0,2190.0,2140.0,2190.0,2190.0,1533100,MYOR
2020-04-30,2190.0,2200.0,2150.0,2150.0,2150.0,1684000,MYOR
2020-05-04,2140.0,2150.0,2000.0,2110.0,2110.0,4430000,MYOR
2020-05-05,2140.0,2150.0,2070.0,2110.0,2110.0,763800,MYOR
2020-05-06,2110.0,2120.0,2070.0,2090.0,2090.0,1411100,MYOR
2020-05-08,2100.0,2190.0,2090.0,2130.0,2130.0,2039500,MYOR
2020-05-11,2130.0,2150.0,2120.0,2130.0,2130.0,2405600,MYOR
2020-05-12,2130.0,2150.0,2080.0,2130.0,2130.0,3302300,MYOR
2020-05-13,2160.0,2230.0,2110.0,2130.0,2130.0,4077500,MYOR
2020-05-14,2130.0,2130.0,2040.0,2120.0,2120.0,1500600,MYOR
2020-05-15,2120.0,2150.0,2050.0,2140.0,2140.0,1219900,MYOR
2020-05-18,2150.0,2160.0,2080.0,2140.0,2140.0,1679700,MYOR
2020-05-19,2170.0,2180.0,2120.0,2140.0,2140.0,2074100,MYOR
2020-05-20,2120.0,2140.0,2090.0,2140.0,2140.0,1871300,MYOR
2020-05-26,2140.0,2140.0,2100.0,2120.0,2120.0,1756400,MYOR
2020-05-27,2110.0,2130.0,2100.0,2130.0,2130.0,1527500,MYOR
2020-05-28,2130.0,2220.0,2130.0,2180.0,2180.0,5448700,MYOR
2020-05-29,2180.0,2220.0,2170.0,2200.0,2200.0,5176400,MYOR
2020-06-02,2200.0,2340.0,2200.0,2320.0,2320.0,10825000,MYOR
2020-06-03,2330.0,2350.0,2290.0,2350.0,2350.0,6035300,MYOR
2020-06-04,2320.0,2380.0,2310.0,2330.0,2330.0,1755300,MYOR
2020-06-05,2330.0,2340.0,2250.0,2300.0,2300.0,8662300,MYOR
2020-06-08,2300.0,2360.0,2260.0,2300.0,2300.0,4356600,MYOR
2020-06-09,2300.0,2370.0,2280.0,2320.0,2320.0,3470800,MYOR
2020-06-10,2320.0,2330.0,2200.0,2270.0,2270.0,4574200,MYOR
2020-06-11,2260.0,2300.0,2220.0,2300.0,2300.0,1183500,MYOR
2020-06-12,2250.0,2270.0,2160.0,2270.0,2270.0,3234400,MYOR
2020-06-15,2270.0,2310.0,2200.0,2270.0,2270.0,2790200,MYOR
2020-06-16,2270.0,2300.0,2240.0,2300.0,2300.0,4416800,MYOR
2020-06-17,2300.0,2320.0,2250.0,2300.0,2300.0,1971600,MYOR
2020-06-18,2300.0,2300.0,2270.0,2290.0,2290.0,2499700,MYOR
2020-06-19,2290.0,2290.0,2260.0,2280.0,2280.0,1553700,MYOR
2020-06-22,2280.0,2350.0,2270.0,2300.0,2300.0,5357800,MYOR
2020-06-23,2310.0,2310.0,2250.0,2290.0,2290.0,4387900,MYOR
2019-06-24,1375.0,1380.0,1350.0,1360.0,1348.3842769999999,1244400,ULTJ
2019-06-25,1360.0,1375.0,1345.0,1355.0,1343.427002,668000,ULTJ
2019-06-26,1355.0,1380.0,1345.0,1360.0,1348.3842769999999,391400,ULTJ
2019-06-27,1360.0,1380.0,1355.0,1360.0,1348.3842769999999,271500,ULTJ
2019-06-28,1360.0,1430.0,1355.0,1430.0,1417.786499,2620900,ULTJ
2019-07-01,1430.0,1430.0,1400.0,1420.0,1407.871826,565200,ULTJ
2019-07-02,1425.0,1425.0,1390.0,1400.0,1388.042725,338500,ULTJ
2019-07-03,1400.0,1410.0,1400.0,1405.0,1393.0,95400,ULTJ
2019-07-04,1405.0,1430.0,1400.0,1410.0,1397.957275,769300,ULTJ
2019-07-05,1415.0,1430.0,1400.0,1405.0,1393.0,270400,ULTJ
2019-07-08,1405.0,1450.0,1405.0,1425.0,1425.0,127000,ULTJ
2019-07-09,1425.0,1450.0,1425.0,1425.0,1425.0,117800,ULTJ
2019-07-10,1430.0,1430.0,1415.0,1430.0,1430.0,229600,ULTJ
2019-07-11,1430.0,1440.0,1420.0,1430.0,1430.0,140800,ULTJ
2019-07-12,1430.0,1440.0,1420.0,1435.0,1435.0,142300,ULTJ
2019-07-15,1430.0,1435.0,1420.0,1425.0,1425.0,444600,ULTJ
2019-07-16,1425.0,1430.0,1425.0,1430.0,1430.0,110800,ULTJ
2019-07-17,1440.0,1440.0,1430.0,1435.0,1435.0,130000,ULTJ
2019-07-18,1435.0,1525.0,1425.0,1490.0,1490.0,415300,ULTJ
2019-07-19,1500.0,1565.0,1500.0,1560.0,1560.0,490500,ULTJ
2019-07-22,1560.0,1565.0,1520.0,1540.0,1540.0,251500,ULTJ
2019-07-23,1540.0,1555.0,1475.0,1500.0,1500.0,5703200,ULTJ
2019-07-24,1505.0,1530.0,1495.0,1505.0,1505.0,3503700,ULTJ
2019-07-25,1510.0,1520.0,1485.0,1505.0,1505.0,4616100,ULTJ
2019-07-26,1505.0,1510.0,1500.0,1505.0,1505.0,3141700,ULTJ
2019-07-29,1505.0,1530.0,1500.0,1500.0,1500.0,8537600,ULTJ
2019-07-30,1515.0,1540.0,1500.0,1500.0,1500.0,4600300,ULTJ
2019-07-31,1515.0,1520.0,1500.0,1500.0,1500.0,1354400,ULTJ
2019-08-01,1500.0,1515.0,1500.0,1505.0,1505.0,1350800,ULTJ
2019-08-02,1505.0,1515.0,1500.0,1510.0,1510.0,628500,ULTJ
2019-08-05,1510.0,1515.0,1500.0,1515.0,1515.0,3342700,ULTJ
2019-08-06,1510.0,1515.0,1450.0,1500.0,1500.0,6167400,ULTJ
2019-08-07,1520.0,1545.0,1500.0,1510.0,1510.0,2339900,ULTJ
2019-08-08,1510.0,1530.0,1500.0,1520.0,1520.0,106100,ULTJ
2019-08-09,1520.0,1535.0,1505.0,1535.0,1535.0,425200,ULTJ
2019-08-12,1535.0,1535.0,1510.0,1520.0,1520.0,121300,ULTJ
2019-08-13,1520.0,1520.0,1505.0,1505.0,1505.0,157200,ULTJ
2019-08-14,1525.0,1525.0,1500.0,1505.0,1505.0,15286100,ULTJ
2019-08-15,1510.0,1510.0,1505.0,1510.0,1510.0,387000,ULTJ
2019-08-16,1510.0,1510.0,1500.0,1500.0,1500.0,156400,ULTJ
2019-08-19,1505.0,1515.0,1500.0,1505.0,1505.0,2043400,ULTJ
2019-08-20,1505.0,1520.0,1495.0,1505.0,1505.0,2179300,ULTJ
2019-08-21,1510.0,1530.0,1500.0,1530.0,1530.0,2973500,ULTJ
2019-08-22,1530.0,1550.0,1490.0,1500.0,1500.0,3530500,ULTJ
2019-08-23,1505.0,1550.0,1500.0,1500.0,1500.0,4818100,ULTJ
2019-08-26,1500.0,1520.0,1495.0,1510.0,1510.0,157200,ULTJ
2019-08-27,1515.0,1515.0,1500.0,1510.0,1510.0,461300,ULTJ
2019-08-28,1510.0,1520.0,1505.0,1510.0,1510.0,163800,ULTJ
2019-08-29,1510.0,1525.0,1510.0,1525.0,1525.0,256900,ULTJ
2019-08-30,1525.0,1545.0,1515.0,1535.0,1535.0,890000,ULTJ
2019-09-02,1535.0,1540.0,1500.0,1520.0,1520.0,1169300,ULTJ
2019-09-03,1525.0,1530.0,1520.0,1520.0,1520.0,78300,ULTJ
2019-09-04,1520.0,1525.0,1510.0,1510.0,1510.0,171400,ULTJ
2019-09-05,1520.0,1525.0,1510.0,1520.0,1520.0,5084000,ULTJ
2019-09-06,1520.0,1525.0,1495.0,1520.0,1520.0,1484900,ULTJ
2019-09-09,1520.0,1525.0,1500.0,1525.0,1525.0,168900,ULTJ
2019-09-10,1525.0,1540.0,1515.0,1525.0,1525.0,810700,ULTJ
2019-09-11,1525.0,1540.0,1520.0,1525.0,1525.0,348400,ULTJ
2019-09-12,1525.0,1530.0,1525.0,1525.0,1525.0,237600,ULTJ
2019-09-13,1525.0,1540.0,1520.0,1525.0,1525.0,352800,ULTJ
2019-09-16,1525.0,1525.0,1510.0,1515.0,1515.0,227100,ULTJ
2019-09-17,1510.0,1515.0,1500.0,1505.0,1505.0,908500,ULTJ
2019-09-18,1515.0,1520.0,1505.0,1520.0,1520.0,187300,ULTJ
2019-09-19,1510.0,1550.0,1505.0,1550.0,1550.0,204300,ULTJ
2019-09-20,1550.0,1550.0,1520.0,1520.0,1520.0,196900,ULTJ
2019-09-23,1540.0,1540.0,1510.0,1515.0,1515.0,227900,ULTJ
2019-09-24,1515.0,1520.0,1505.0,1515.0,1515.0,260800,ULTJ
2019-09-25,1510.0,1520.0,1500.0,1510.0,1510.0,616900,ULTJ
2019-09-26,1515.0,1525.0,1505.0,1520.0,1520.0,457400,ULTJ
2019-09-27,1520.0,1520.0,1505.0,1520.0,1520.0,427700,ULTJ
2019-09-30,1520.0,1580.0,1515.0,1580.0,1580.0,1545400,ULTJ
2019-10-01,1580.0,1610.0,1555.0,1570.0,1570.0,305700,ULTJ
2019-10-02,1575.0,1575.0,1540.0,1560.0,1560.0,379600,ULTJ
2019-10-03,1560.0,1570.0,1545.0,1560.0,1560.0,579900,ULTJ
2019-10-04,1560.0,1560.0,1520.0,1530.0,1530.0,66500,ULTJ
2019-10-07,1530.0,1560.0,1525.0,1525.0,1525.0,116000,ULTJ
2019-10-08,1530.0,1535.0,1500.0,1500.0,1500.0,828400,ULTJ
2019-10-09,1505.0,1520.0,1475.0,1500.0,1500.0,738100,ULTJ
2019-10-10,1500.0,1510.0,1495.0,1510.0,1510.0,72000,ULTJ
2019-10-11,1510.0,1535.0,1505.0,1510.0,1510.0,118100,ULTJ
2019-10-14,1510.0,1530.0,1510.0,1530.0,1530.0,35500,ULTJ
2019-10-15,1530.0,1530.0,1515.0,1515.0,1515.0,103100,ULTJ
2019-10-16,1515.0,1525.0,1500.0,1500.0,1500.0,397600,ULTJ
2019-10-17,1500.0,1515.0,1500.0,1500.0,1500.0,677000,ULTJ
2019-10-18,1500.0,1515.0,1500.0,1505.0,1505.0,109100,ULTJ
2019-10-21,1505.0,1515.0,1500.0,1505.0,1505.0,454900,ULTJ
2019-10-22,1505.0,1510.0,1490.0,1505.0,1505.0,347400,ULTJ
2019-10-23,1505.0,1510.0,1500.0,1500.0,1500.0,60900,ULTJ
2019-10-24,1500.0,1510.0,1500.0,1500.0,1500.0,160600,ULTJ
2019-10-25,1500.0,1510.0,1500.0,1505.0,1505.0,139500,ULTJ
2019-10-28,1505.0,1510.0,1505.0,1505.0,1505.0,99200,ULTJ
2019-10-29,1505.0,1545.0,1505.0,1540.0,1540.0,348000,ULTJ
2019-10-30,1540.0,1540.0,1525.0,1540.0,1540.0,67100,ULTJ
2019-10-31,1540.0,1560.0,1520.0,1520.0,1520.0,386000,ULTJ
2019-11-01,1535.0,1630.0,1520.0,1600.0,1600.0,1932500,ULTJ
2019-11-04,1600.0,1695.0,1600.0,1690.0,1690.0,2093200,ULTJ
2019-11-05,1690.0,1720.0,1640.0,1645.0,1645.0,567100,ULTJ
2019-11-06,1645.0,1690.0,1645.0,1665.0,1665.0,148800,ULTJ
2019-11-07,1665.0,1670.0,1640.0,1645.0,1645.0,109100,ULTJ
2019-11-08,1645.0,1670.0,1645.0,1655.0,1655.0,117400,ULTJ
2019-11-11,1655.0,1680.0,1645.0,1660.0,1660.0,319500,ULTJ
2019-11-12,1660.0,1665.0,1645.0,1665.0,1665.0,148500,ULTJ
2019-11-13,1665.0,1705.0,1660.0,1675.0,1675.0,566800,ULTJ
2019-11-14,1675.0,1750.0,1675.0,1700.0,1700.0,1457800,ULTJ
2019-11-15,1700.0,1750.0,1685.0,1730.0,1730.0,353400,ULTJ
2019-11-18,1730.0,1795.0,1730.0,1750.0,1750.0,1516100,ULTJ
2019-11-19,1750.0,1770.0,1670.0,1690.0,1690.0,473000,ULTJ
2019-11-20,1690.0,1690.0,1600.0,1650.0,1650.0,802400,ULTJ
2019-11-21,1650.0,1650.0,1545.0,1575.0,1575.0,1500600,ULTJ
2019-11-22,1575.0,1590.0,1550.0,1585.0,1585.0,470100,ULTJ
2019-11-25,1580.0,1580.0,1530.0,1550.0,1550.0,526400,ULTJ
2019-11-26,1550.0,1570.0,1545.0,1550.0,1550.0,247100,ULTJ
2019-11-27,1550.0,1575.0,1530.0,1560.0,1560.0,963100,ULTJ
2019-11-28,1560.0,1570.0,1535.0,1545.0,1545.0,1987600,ULTJ
2019-11-29,1545.0,1600.0,1540.0,1600.0,1600.0,1699300,ULTJ
2019-12-02,1600.0,1650.0,1600.0,1620.0,1620.0,402100,ULTJ
2019-12-03,1620.0,1620.0,1595.0,1600.0,1600.0,414000,ULTJ
2019-12-04,1600.0,1600.0,1565.0,1565.0,1565.0,274900,ULTJ
2019-12-05,1575.0,1645.0,1555.0,1645.0,1645.0,1270600,ULTJ
2019-12-06,1645.0,1660.0,1615.0,1625.0,1625.0,384300,ULTJ
2019-12-09,1630.0,1630.0,1605.0,1605.0,1605.0,141100,ULTJ
2019-12-10,1605.0,1605.0,1590.0,1600.0,1600.0,279200,ULTJ
2019-12-11,1600.0,1610.0,1590.0,1590.0,1590.0,313900,ULTJ
2019-12-12,1590.0,1600.0,1590.0,1590.0,1590.0,255600,ULTJ
2019-12-13,1610.0,1625.0,1580.0,1585.0,1585.0,464900,ULTJ
2019-12-16,1600.0,1610.0,1595.0,1595.0,1595.0,506500,ULTJ
2019-12-17,1600.0,1635.0,1595.0,1595.0,1595.0,946400,ULTJ
2019-12-18,1595.0,1610.0,1580.0,1585.0,1585.0,772400,ULTJ
2019-12-19,1585.0,1595.0,1550.0,1555.0,1555.0,817900,ULTJ
2019-12-20,1555.0,1575.0,1550.0,1565.0,1565.0,534400,ULTJ
2019-12-23,1565.0,1630.0,1565.0,1620.0,1620.0,2521000,ULTJ
2019-12-26,1630.0,1635.0,1615.0,1630.0,1630.0,572900,ULTJ
2019-12-27,1630.0,1725.0,1610.0,1725.0,1725.0,1497900,ULTJ
2019-12-30,1725.0,1760.0,1680.0,1680.0,1680.0,2156900,ULTJ
2020-01-02,1670.0,1670.0,1615.0,1650.0,1650.0,678000,ULTJ
2020-01-03,1650.0,1650.0,1605.0,1610.0,1610.0,441900,ULTJ
2020-01-06,1610.0,1615.0,1575.0,1575.0,1575.0,568900,ULTJ
2020-01-07,1580.0,1610.0,1580.0,1590.0,1590.0,414700,ULTJ
2020-01-08,1600.0,1610.0,1575.0,1585.0,1585.0,325100,ULTJ
2020-01-09,1600.0,1625.0,1595.0,1615.0,1615.0,3019300,ULTJ
2020-01-10,1620.0,1660.0,1600.0,1600.0,1600.0,2040600,ULTJ
2020-01-13,1600.0,1620.0,1595.0,1605.0,1605.0,194400,ULTJ
2020-01-14,1610.0,1620.0,1600.0,1605.0,1605.0,189000,ULTJ
2020-01-15,1605.0,1610.0,1585.0,1590.0,1590.0,299700,ULTJ
2020-01-16,1590.0,1605.0,1585.0,1590.0,1590.0,161900,ULTJ
2020-01-17,1590.0,1625.0,1590.0,1625.0,1625.0,338400,ULTJ
2020-01-20,1630.0,1650.0,1625.0,1640.0,1640.0,1044900,ULTJ
2020-01-21,1645.0,1645.0,1605.0,1605.0,1605.0,252100,ULTJ
2020-01-22,1605.0,1620.0,1595.0,1605.0,1605.0,261300,ULTJ
2020-01-23,1605.0,1605.0,1550.0,1550.0,1550.0,1002300,ULTJ
2020-01-24,1550.0,1640.0,1540.0,1600.0,1600.0,1932200,ULTJ
2020-01-27,1600.0,1600.0,1550.0,1550.0,1550.0,504400,ULTJ
2020-01-28,1550.0,1580.0,1550.0,1560.0,1560.0,397300,ULTJ
2020-01-29,1560.0,1580.0,1560.0,1575.0,1575.0,126800,ULTJ
2020-01-30,1575.0,1635.0,1570.0,1635.0,1635.0,1450300,ULTJ
2020-01-31,1635.0,1690.0,1575.0,1690.0,1690.0,2096000,ULTJ
2020-02-03,1690.0,1690.0,1600.0,1610.0,1610.0,593000,ULTJ
2020-02-04,1610.0,1625.0,1595.0,1595.0,1595.0,284300,ULTJ
2020-02-05,1595.0,1620.0,1595.0,1595.0,1595.0,77200,ULTJ
2020-02-06,1595.0,1610.0,1590.0,1610.0,1610.0,118800,ULTJ
2020-02-07,1610.0,1625.0,1605.0,1605.0,1605.0,183600,ULTJ
2020-02-10,1610.0,1625.0,1600.0,1610.0,1610.0,40800,ULTJ
2020-02-11,1610.0,1610.0,1600.0,1610.0,1610.0,24200,ULTJ
2020-02-12,1610.0,1615.0,1600.0,1615.0,1615.0,97600,ULTJ
2020-02-13,1620.0,1620.0,1600.0,1605.0,1605.0,77600,ULTJ
2020-02-14,1605.0,1610.0,1600.0,1605.0,1605.0,34600,ULTJ
2020-02-17,1605.0,1645.0,1605.0,1640.0,1640.0,309000,ULTJ
2020-02-18,1630.0,1650.0,1625.0,1640.0,1640.0,236200,ULTJ
2020-02-19,1640.0,1650.0,1610.0,1650.0,1650.0,262800,ULTJ
2020-02-20,1660.0,1660.0,1620.0,1620.0,1620.0,489100,ULTJ
2020-02-21,1620.0,1620.0,1610.0,1615.0,1615.0,23400,ULTJ
2020-02-24,1610.0,1620.0,1585.0,1600.0,1600.0,549000,ULTJ
2020-02-25,1610.0,1620.0,1600.0,1615.0,1615.0,93600,ULTJ
2020-02-26,1625.0,1630.0,1575.0,1580.0,1580.0,1351500,ULTJ
2020-02-27,1580.0,1595.0,1545.0,1550.0,1550.0,495000,ULTJ
2020-02-28,1550.0,1655.0,1415.0,1610.0,1610.0,4154700,ULTJ
2020-03-02,1600.0,1610.0,1475.0,1515.0,1515.0,399900,ULTJ
2020-03-03,1515.0,1545.0,1500.0,1515.0,1515.0,359000,ULTJ
2020-03-04,1520.0,1560.0,1510.0,1535.0,1535.0,286100,ULTJ
2020-03-05,1545.0,1585.0,1545.0,1545.0,1545.0,182200,ULTJ
2020-03-06,1545.0,1545.0,1490.0,1490.0,1490.0,410500,ULTJ
2020-03-09,1490.0,1500.0,1435.0,1470.0,1470.0,705500,ULTJ
2020-03-10,1470.0,1495.0,1470.0,1485.0,1485.0,814500,ULTJ
2020-03-11,1485.0,1515.0,1480.0,1480.0,1480.0,480800,ULTJ
2020-03-12,1470.0,1470.0,1435.0,1450.0,1450.0,7970600,ULTJ
2020-03-13,1450.0,1450.0,1450.0,1450.0,1450.0,0,ULTJ
2020-03-16,1450.0,1450.0,1450.0,1450.0,1450.0,0,ULTJ
2020-03-17,1285.0,1300.0,1200.0,1300.0,1300.0,527900,ULTJ
2020-03-18,1300.0,1300.0,1220.0,1250.0,1250.0,1878000,ULTJ
2020-03-19,1200.0,1235.0,1200.0,1225.0,1225.0,1060200,ULTJ
2020-03-20,1225.0,1280.0,1195.0,1225.0,1225.0,1549500,ULTJ
2020-03-23,1210.0,1210.0,1165.0,1200.0,1200.0,9233900,ULTJ
2020-03-24,1210.0,1240.0,1200.0,1215.0,1215.0,990000,ULTJ
2020-03-26,1215.0,1310.0,1215.0,1295.0,1295.0,606900,ULTJ
2020-03-27,1310.0,1390.0,1300.0,1350.0,1350.0,3283300,ULTJ
2020-03-30,1350.0,1350.0,1270.0,1350.0,1350.0,305100,ULTJ
2020-03-31,1350.0,1595.0,1330.0,1595.0,1595.0,3594700,ULTJ
2020-04-01,1500.0,1550.0,1485.0,1485.0,1485.0,596300,ULTJ
2020-04-02,1485.0,1485.0,1385.0,1395.0,1395.0,662700,ULTJ
2020-04-03,1395.0,1400.0,1350.0,1370.0,1370.0,744100,ULTJ
2020-04-06,1370.0,1450.0,1370.0,1390.0,1390.0,607200,ULTJ
2020-04-07,1410.0,1435.0,1390.0,1410.0,1410.0,250500,ULTJ
2020-04-08,1410.0,1415.0,1400.0,1400.0,1400.0,1051700,ULTJ
2020-04-09,1400.0,1415.0,1385.0,1385.0,1385.0,2132800,ULTJ
2020-04-13,1385.0,1400.0,1380.0,1395.0,1395.0,95300,ULTJ
2020-04-14,1395.0,1415.0,1380.0,1380.0,1380.0,777500,ULTJ
2020-04-15,1400.0,1500.0,1380.0,1500.0,1500.0,1601000,ULTJ
2020-04-16,1480.0,1480.0,1395.0,1395.0,1395.0,419500,ULTJ
2020-04-17,1395.0,1415.0,1390.0,1395.0,1395.0,201900,ULTJ
2020-04-20,1395.0,1400.0,1390.0,1390.0,1390.0,140500,ULTJ
2020-04-21,1390.0,1390.0,1380.0,1380.0,1380.0,430100,ULTJ
2020-04-22,1370.0,1415.0,1370.0,1400.0,1400.0,270200,ULTJ
2020-04-23,1400.0,1420.0,1395.0,1400.0,1400.0,1634500,ULTJ
2020-04-24,1400.0,1415.0,1390.0,1395.0,1395.0,131700,ULTJ
2020-04-27,1395.0,1400.0,1375.0,1385.0,1385.0,507900,ULTJ
2020-04-28,1385.0,1400.0,1380.0,1395.0,1395.0,2042200,ULTJ
2020-04-29,1400.0,1405.0,1380.0,1385.0,1385.0,756900,ULTJ
2020-04-30,1390.0,1415.0,1380.0,1380.0,1380.0,2758700,ULTJ
2020-05-04,1380.0,1460.0,1330.0,1425.0,1425.0,1799800,ULTJ
2020-05-05,1450.0,1485.0,1430.0,1450.0,1450.0,2335100,ULTJ
2020-05-06,1450.0,1475.0,1440.0,1450.0,1450.0,4638200,ULTJ
2020-05-08,1450.0,1475.0,1450.0,1450.0,1450.0,2781200,ULTJ
2020-05-11,1460.0,1515.0,1460.0,1490.0,1490.0,2732900,ULTJ
2020-05-12,1500.0,1500.0,1465.0,1470.0,1470.0,2210200,ULTJ
2020-05-13,1470.0,1500.0,1470.0,1490.0,1490.0,489400,ULTJ
2020-05-14,1495.0,1495.0,1475.0,1495.0,1495.0,233600,ULTJ
2020-05-15,1495.0,1500.0,1455.0,1475.0,1475.0,310700,ULTJ
2020-05-18,1490.0,1510.0,1460.0,1500.0,1500.0,386900,ULTJ
2020-05-19,1505.0,1520.0,1490.0,1495.0,1495.0,174800,ULTJ
2020-05-20,1500.0,1505.0,1450.0,1500.0,1500.0,534100,ULTJ
2020-05-26,1500.0,1515.0,1475.0,1475.0,1475.0,654200,ULTJ
2020-05-27,1480.0,1490.0,1470.0,1490.0,1490.0,372600,ULTJ
2020-05-28,1495.0,1530.0,1485.0,1530.0,1530.0,427700,ULTJ
2020-05-29,1530.0,1635.0,1520.0,1520.0,1520.0,1533500,ULTJ
2020-06-02,1530.0,1590.0,1500.0,1565.0,1565.0,449400,ULTJ
2020-06-03,1565.0,1595.0,1560.0,1565.0,1565.0,387200,ULTJ
2020-06-04,1565.0,1610.0,1565.0,1610.0,1610.0,409500,ULTJ
2020-06-05,1605.0,1620.0,1580.0,1595.0,1595.0,184600,ULTJ
2020-06-08,1595.0,1635.0,1595.0,1620.0,1620.0,282900,ULTJ
2020-06-09,1620.0,1675.0,1620.0,1675.0,1675.0,437200,ULTJ
2020-06-10,1675.0,1700.0,1600.0,1645.0,1645.0,656800,ULTJ
2020-06-11,1640.0,1640.0,1555.0,1555.0,1555.0,743400,ULTJ
2020-06-12,1535.0,1540.0,1450.0,1535.0,1535.0,1326800,ULTJ
2020-06-15,1550.0,1580.0,1540.0,1580.0,1580.0,405700,ULTJ
2020-06-16,1580.0,1610.0,1565.0,1580.0,1580.0,318900,ULTJ
2020-06-17,1585.0,1595.0,1580.0,1595.0,1595.0,253500,ULTJ
2020-06-18,1595.0,1595.0,1580.0,1585.0,1585.0,180600,ULTJ
2020-06-19,1595.0,1600.0,1575.0,1600.0,1600.0,152500,ULTJ
2020-06-22,1600.0,1610.0,1590.0,1610.0,1610.0,236900,ULTJ
2020-06-23,1610.0,1610.0,1585.0,1600.0,1600.0,76500,ULTJ
